{
    "camera_properties": {
        "resolution": {
            "width": 1024,
            "height": 1024
        },
        "clipping_range": [
            1.0,
            1000000.0
        ],
        "horizontal_aperture": 20.954999923706055,
        "focal_length": 24.0,
        "tf_mat": [
            [
                -0.6558290644772411,
                0.17365656751891578,
                -0.7346643007145873,
                0.0
            ],
            [
                -1.3877787807814438e-17,
                0.973182050089641,
                0.2300362957955186,
                -0.0
            ],
            [
                0.7549094238297105,
                0.1508644886673849,
                -0.6382410734763329,
                0.0
            ],
            [
                0.0,
                0.3552713678800496e-15,
                -22.692948913574216,
                1.0
            ]
        ]
    },
    "asset_transforms": [
        [
            "Clock_payload.usd",
            [
                [
                    6.5690107345581055,
                    0.0,
                    0.0,
                    0.0
                ],
                [
                    0.0,
                    -1.4586133933032442e-15,
                    -6.569010734558107,
                    0.0
                ],
                [
                    0.0,
                    6.569010734558107,
                    -1.4586133933032442e-15,
                    0.0
                ],
                [
                    0.6273860391575459,
                    -48.32692203308368,
                    1.9275423798698852,
                    1.0
                ]
            ]
        ]
    ]
}