{
    "camera_properties": {
        "resolution": {
            "width": 1024,
            "height": 1024
        },
        "clipping_range": [
            1.0,
            1000000.0
        ],
        "horizontal_aperture": 20.954999923706055,
        "focal_length": 24.0,
        "tf_mat": [
            [
                -0.33458032839458457,
                -0.26792106372000973,
                0.9034790022277831,
                0.0
            ],
            [
                0.0,
                0.9587334635186754,
                0.2843064296309262,
                0.0
            ],
            [
                -0.9423672340713953,
                0.09512333859060713,
                -0.3207733570669558,
                0.0
            ],
            [
                -0.7781319329969045e-15,
                -0.7105427357601002e-15,
                -21.080032348632812,
                0.9999999999999999
            ]
        ]
    },
    "asset_transforms": [
        [
            "Clock_payload.usd",
            [
                [
                    6.5690107345581055,
                    0.0,
                    0.0,
                    0.0
                ],
                [
                    0.0,
                    -1.4586133933032442e-15,
                    -6.569010734558107,
                    0.0
                ],
                [
                    0.0,
                    6.569010734558107,
                    -1.4586133933032442e-15,
                    0.0
                ],
                [
                    0.6273860391575459,
                    -48.32692203308368,
                    1.9275423798698852,
                    1.0
                ]
            ]
        ]
    ]
}