{
    "camera_properties": {
        "resolution": {
            "width": 1024,
            "height": 1024
        },
        "clipping_range": [
            1.0,
            1000000.0
        ],
        "horizontal_aperture": 20.954999923706055,
        "focal_length": 24.0,
        "tf_mat": [
            [
                0.2432653711807694,
                -0.5914853541831425,
                0.7687438032082763,
                0.0
            ],
            [
                0.0,
                0.7925522536566133,
                0.6098040055819767,
                0.0
            ],
            [
                -0.9699597719412298,
                -0.14834419776541954,
                0.19280051816593133,
                0.0
            ],
            [
                -0.18427050399777145e-14,
                0.2842170943040401e-14,
                -46.56392822265626,
                1.0
            ]
        ]
    },
    "asset_transforms": [
        [
            "Clock_payload.usd",
            [
                [
                    6.5690107345581055,
                    0.0,
                    0.0,
                    0.0
                ],
                [
                    0.0,
                    -1.4586133933032442e-15,
                    -6.569010734558107,
                    0.0
                ],
                [
                    0.0,
                    6.569010734558107,
                    -1.4586133933032442e-15,
                    0.0
                ],
                [
                    0.6273860391575459,
                    -48.32692203308368,
                    1.9275423798698852,
                    1.0
                ]
            ]
        ]
    ]
}