{
    "camera_properties": {
        "resolution": {
            "width": 512,
            "height": 512
        },
        "clipping_range": [
            1.0,
            1000000.0
        ],
        "horizontal_aperture": 76.68566355214419,
        "focal_length": 413.6103573807811,
        "tf_mat": [[-0.8151860271221356, 0.05462956368981961, -0.5766171623840974],
 [-0.1320709760865266, 0.9517829302814627, 0.2768871808162741],
 [0.5639405983438157, 0.3018689523549778, -0.7686651658191148],
        [-6.7314491, 0.2991229,  -9.2408591]
        ]
    },
    "asset_transforms": [
        [
            "Clock_payload.usd",
            [
                [
                    6.5690107345581055,
                    0.0,
                    0.0,
                    0.0
                ],
                [
                    0.0,
                    -1.4586133933032442e-15,
                    -6.569010734558107,
                    0.0
                ],
                [
                    0.0,
                    6.569010734558107,
                    -1.4586133933032442e-15,
                    0.0
                ],
                [
                    0.6273860391575459,
                    -48.32692203308368,
                    1.9275423798698852,
                    1.0
                ]
            ]
        ]
    ]
}