{
    "camera_properties": {
        "resolution": {
            "width": 512,
            "height": 512
        },
        "clipping_range": [
            1.0,
            1000000.0
        ],
        "horizontal_aperture": 563,
        "focal_length": 413.6103573807811,
        "tf_mat": [[-0.6629707674192744, -0.2128316167130726, -0.7177551563554234],
 [-0.7309641274673394, -0.02311080135847821, 0.6820244388703973],
 [-0.1617442608051664, 0.976815537237133, -0.1402504912958296],
        [-2.57186630380584, 0.9114231832472347, -6.494077535556581]
        ]
    },
    "asset_transforms": [
        [
            "Clock_payload.usd",
            [
                [
                    6.5690107345581055,
                    0.0,
                    0.0,
                    0.0
                ],
                [
                    0.0,
                    -1.4586133933032442e-15,
                    -6.569010734558107,
                    0.0
                ],
                [
                    0.0,
                    6.569010734558107,
                    -1.4586133933032442e-15,
                    0.0
                ],
                [
                    0.6273860391575459,
                    -48.32692203308368,
                    1.9275423798698852,
                    1.0
                ]
            ]
        ]
    ]
}