{
    "camera_properties": {
        "resolution": {
            "width": 512,
            "height": 512
        },
        "clipping_range": [
            1.0,
            1000000.0
        ],
        "horizontal_aperture": 563,
        "focal_length": 413.6103573807811,
        "tf_mat": [[1, 0, 0],
        [0, 1, 0],
        [0, 0, 1],
        [0, 0, 0]
        ]
    },
    "asset_transforms": [
        [
            "Clock_payload.usd",
            [
                [
                    6.5690107345581055,
                    0.0,
                    0.0,
                    0.0
                ],
                [
                    0.0,
                    -1.4586133933032442e-15,
                    -6.569010734558107,
                    0.0
                ],
                [
                    0.0,
                    6.569010734558107,
                    -1.4586133933032442e-15,
                    0.0
                ],
                [
                    0.6273860391575459,
                    -48.32692203308368,
                    1.9275423798698852,
                    1.0
                ]
            ]
        ]
    ]
}