{
    "camera_properties": {
        "resolution": {
            "width": 512,
            "height": 512
        },
        "clipping_range": [
            1.0,
            1000000.0
        ],
        "horizontal_aperture": 563,
        "focal_length": 413.6103573807811,
        "tf_mat": [[-0.2787294977988826, 0.1817940879170888, -0.9430062442291549],
 [-0.186752340837148, 0.9529157901489198, 0.2389038720420953],
 [0.9420368518527438, 0.2426981798103437, -0.2316552681639631],
        [-9.821563610002034, -1.347798528547045, 0.6735727470988367]
        ]
    },
    "asset_transforms": [
        [
            "Clock_payload.usd",
            [
                [
                    6.5690107345581055,
                    0.0,
                    0.0,
                    0.0
                ],
                [
                    0.0,
                    -1.4586133933032442e-15,
                    -6.569010734558107,
                    0.0
                ],
                [
                    0.0,
                    6.569010734558107,
                    -1.4586133933032442e-15,
                    0.0
                ],
                [
                    0.6273860391575459,
                    -48.32692203308368,
                    1.9275423798698852,
                    1.0
                ]
            ]
        ]
    ]
}