{
    "camera_properties": {
        "resolution": {
            "width": 512,
            "height": 512
        },
        "clipping_range": [
            1.0,
            1000000.0
        ],
        "horizontal_aperture": 563,
        "focal_length": 413.6103573807811,
        "tf_mat": [[-0.63127057642046, -0.1787619122307319, 0.754679824880321],
 [-0.407858939408753, 0.9041704380809964, -0.1269917495146256],
 [-0.6596578998921692, -0.3879690678856116, -0.6436858375588376],
        [12.79180990150861, 1.87710771528796, -0.1248021311952707]
        ]
    },
    "asset_transforms": [
        [
            "Clock_payload.usd",
            [
                [
                    6.5690107345581055,
                    0.0,
                    0.0,
                    0.0
                ],
                [
                    0.0,
                    -1.4586133933032442e-15,
                    -6.569010734558107,
                    0.0
                ],
                [
                    0.0,
                    6.569010734558107,
                    -1.4586133933032442e-15,
                    0.0
                ],
                [
                    0.6273860391575459,
                    -48.32692203308368,
                    1.9275423798698852,
                    1.0
                ]
            ]
        ]
    ]
}