{
    "camera_properties": {
        "resolution": {
            "width": 1024,
            "height": 1024
        },
        "clipping_range": [
            1.0,
            1000000.0
        ],
        "horizontal_aperture": 20.954999923706055,
        "focal_length": 24.0,
        "tf_mat": [
            [
                0.9991923931272599,
                0.021585175141497236,
                -0.0338916174109494,
                0.0
            ],
            [
                0.0,
                0.8434609812373909,
                0.5371904440047847,
                -0.0
            ],
            [
                0.04018160669534356,
                -0.5367566053102361,
                0.8427797963520555,
                0.0
            ],
            [
                -0.17763568394002505e-15,
                -0.2842170943040401e-14,
                -29.21847229003906,
                1.0
            ]
        ]
    },
    "asset_transforms": [
        [
            "Clock_payload.usd",
            [
                [
                    6.5690107345581055,
                    0.0,
                    0.0,
                    0.0
                ],
                [
                    0.0,
                    -1.4586133933032442e-15,
                    -6.569010734558107,
                    0.0
                ],
                [
                    0.0,
                    6.569010734558107,
                    -1.4586133933032442e-15,
                    0.0
                ],
                [
                    0.6273860391575459,
                    -48.32692203308368,
                    1.9275423798698852,
                    1.0
                ]
            ]
        ]
    ]
}