{
    "camera_properties": {
        "resolution": {
            "width": 1024,
            "height": 1024
        },
        "clipping_range": [
            1.0,
            1000000.0
        ],
        "horizontal_aperture": 20.954999923706055,
        "focal_length": 24.0,
        "tf_mat": [
            [
                -0.7358927435349728,
                -0.2621541770081788,
                -0.6242892418500698,
                0.0
            ],
            [
                -2.7755575615628907e-17,
                0.9220070465261592,
                -0.3871730958577943,
                0.0
            ],
            [
                0.6770981243605468,
                -0.2849178717337213,
                -0.6784982950267127,
                0.0
            ],
            [
                0.16235317955688237e-14,
                0.7105427357601e-15,
                -25.12103271484375,
                1.0
            ]
        ]
    },
    "asset_transforms": [
        [
            "Clock_payload.usd",
            [
                [
                    6.5690107345581055,
                    0.0,
                    0.0,
                    0.0
                ],
                [
                    0.0,
                    -1.4586133933032442e-15,
                    -6.569010734558107,
                    0.0
                ],
                [
                    0.0,
                    6.569010734558107,
                    -1.4586133933032442e-15,
                    0.0
                ],
                [
                    0.6273860391575459,
                    -48.32692203308368,
                    1.9275423798698852,
                    1.0
                ]
            ]
        ]
    ]
}