{
    "camera_properties": {
        "resolution": {
            "width": 1024,
            "height": 1024
        },
        "clipping_range": [
            1.0,
            1000000.0
        ],
        "horizontal_aperture": 20.954999923706055,
        "focal_length": 24.0,
        "tf_mat": [
            [
                0.5624310823506461,
                -0.8121648905032164,
                -0.1551111480190234,
                0.0
            ],
            [
                -1.3877787807814457e-17,
                0.1875941732244096,
                -0.9822466218685866,
                0.0
            ],
            [
                0.8268441676675726,
                0.552446030672815,
                0.10550879388927928,
                -0.0
            ],
            [
                -0.7850730279881403e-15,
                0.7105427357601002e-15,
                -42.81581726074219,
                1.0000000000000002
            ]
        ]
    },
    "asset_transforms": [
        [
            "Clock_payload.usd",
            [
                [
                    6.5690107345581055,
                    0.0,
                    0.0,
                    0.0
                ],
                [
                    0.0,
                    -1.4586133933032442e-15,
                    -6.569010734558107,
                    0.0
                ],
                [
                    0.0,
                    6.569010734558107,
                    -1.4586133933032442e-15,
                    0.0
                ],
                [
                    0.6273860391575459,
                    -48.32692203308368,
                    1.9275423798698852,
                    1.0
                ]
            ]
        ]
    ]
}